URL,PRODUCT TITLE,DESCRIPTION,SIZES,PRICE,SPEC SHEET
https://e-rigging.com/products/2-ply-web-slings-flat-tapered-eyes?variant=39721892970569,,,,,
https://e-rigging.com/collections/shop?q=roundslings,,,,,
https://e-rigging.com/collections/yarding-style-snatch-blocks,,,,,
https://www.maasdam.com/144s-6.html,,,,,
https://www.maasdam.com/144sb-6.html,,,,,
https://e-rigging.com/products/galvanized-screw-pin-anchor-shackle?variant=39721883631689,,,,,
https://e-rigging.com/products/type-304-stainless-steel-chain-sold-per-foot?variant=39740349743177,,,,,
https://e-rigging.com/products/aluminum-hourglass-sleeves?variant=39745735065673,,,,,
https://e-rigging.com/products/stainless-swivel-eye-blocks?variant=39745854079049,,,,,
https://e-rigging.com/collections/shop?q=stainless%20clips#/pfilter:mfield_my_fields_materials:Type$2520304$2520Stainless$2520Steel,,,,,
https://e-rigging.myshopify.com/products/stainless-steel-screw-pin-chain-shackle?variant=39721884614729,,,,,
https://e-rigging.com/collections/galvanized-steel-cable/products/pro-strand-7x19-hot-dip-galvanized-cable-reel?variant=39555555000393,,,,,
https://e-rigging.com/collections/galvanized-steel-cable/products/pro-strand-7x19-vinyl-coated-galvanized-cable-reel?variant=39555558277193,,,,,
https://e-rigging.com/collections/stainless-cable/products/pro-strand-7x19-type-304-stainless-steel-cable-reel?variant=39555558899785,,,,,
https://e-rigging.com/collections/vinyl-coated-cable/products/pro-strand-7x19-type-304-vinyl-coated-stainless-steel-cable-reel?variant=39555559293001,,,,,
https://e-rigging.com/collections/vinyl-coated-cable/products/pro-strand-7x19-vinyl-coated-galvanized-cable-reel?variant=39555558277193,,,,,
https://e-rigging.com/collections/turnbuckles/products/galvanized-eye-eye-turnbuckle?variant=39721883828297,,,,,
https://e-rigging.com/collections/turnbuckles/products/galvanized-hook-hook-turnbuckle?variant=39721883959369,,,,,
https://e-rigging.com/collections/turnbuckles/products/galvanized-jaw-jaw-turnbuckle?variant=39721884024905,,,,,
https://e-rigging.com/products/stainless-steel-jaw-x-jaw-turnbuckle-u-s-type?variant=39745710456905,,,,,
https://e-rigging.com/collections/thimbles/products/heavy-duty-wire-rope-thimble?variant=39721883304009,,,,,
https://e-rigging.com/collections/thimbles/products/stainless-steel-heavy-duty-wire-rope-thimble?variant=39745707212873,,,,,
https://e-rigging.com/collections/thimbles/products/stainless-steel-tubular-thimble?variant=39745666777161,,,,,
https://e-rigging.com/collections/heavy-duty-wire-rope-snatch-blocks/products/wire-rope-snatch-blocks-with-shackle?variant=39745731166281,,,,,
https://e-rigging.com/collections/heavy-duty-wire-rope-snatch-blocks/products/wire-rope-snatch-blocks-with-hook?variant=39721890316361,,,,,
https://e-rigging.com/collections/stainless-blocks/products/stainless-swivel-eye-square-blocks?variant=39721889169481,,,,,
https://e-rigging.com/collections/stainless-blocks/products/stainless-swivel-eye-blocks-with-loop?variant=39721889366089,,,,,
https://e-rigging.com/collections/stainless-blocks/products/stainless-double-sheave-swivel-eye-blocks?variant=39721889333321,,,,,
https://e-rigging.com/collections/stainless-blocks/products/stainless-swivel-eye-blocks?variant=39721889267785,,,,,
https://www.mcmaster.com/products/chain/finish~galvanized/,,,,,
https://e-rigging.com/collections/grade-70-chain-binder-chains/products/grade-70-binder-chain-with-hooks-for-transport-use-yellow-chromate?variant=39721882583113,,,,,
https://e-rigging.com/collections/load-binders/products/higher-rated-ratchet-load-binders?variant=39721898082377,,,,,
https://e-rigging.com/collections/grade-70-grab-hooks/products/grade-70-clevis-grab-hook-for-transport-use-yellow-chromate?variant=39721882648649,,,,,
https://e-rigging.com/collections/grade-70-slip-hooks/products/grade-70-clevis-slip-hook-for-transport-use-yellow-chromate?variant=39745675886665,,,,,
https://e-rigging.com/collections/yachtkeeper-3-strand-anchor-lines/products/yachtkeeper-3-strand-anchor-lines?variant=39745748402249,,,,,
https://e-rigging.com/collections/sea-strand-x-high-performance-rope,,,,,
https://e-rigging.com/collections/polypropylene-yellow-3-strand-rope/products/polypropylene-yellow-3-strand-rope?variant=39721893199945,,,,,
https://e-rigging.com/collections/nylon-polyester-3-strand-rope/products/polyester-3-strand-rope?variant=39721893101641,,,,,
https://e-rigging.com/collections/manila-3-strand-rope/products/manila-3-strand-rope?variant=39721893363785,,,,,
https://e-rigging.com/collections/double-braided-nylon-rope/products/double-braided-nylon-rope?variant=39721893396553,,,,,
https://e-rigging.com/collections/cable-cutters-swage-tools-fittings/products/wire-rope-cable-hand-cutters?variant=39721897295945,,,,,
https://e-rigging.com/collections/cable-cutters-swage-tools-fittings/products/swage-tools-for-sleeves-buttons?variant=39745757216841,,,,,
https://e-rigging.com/collections/cable-cutters-swage-tools-fittings/products/zinc-copper-hourglass-sleeves?variant=39745735917641,,,,,
https://www.rcfastener.com/58-11x12a307-aallthreadrodsplain/776068,,,,,
https://www.rcfastener.com/34-10x12a307-aallthreadrodsplain/776078,,,,,
https://www.rcfastener.com/1-8x12a307-aallthreadrodsplain/776098,,,,,
https://www.rcfastener.com/58-11x12under-sizedbody6threada307-acarriagebolthdg/490091,,,,,
https://www.rcfastener.com/58-11x14under-sizedbody6threada307-acarriagebolthdg/490092,,,,,
https://www.rcfastener.com/58-11x16under-sizedbody6threada307-acarriagebolthdg/490093,,,,,
https://www.rcfastener.com/58-11x18under-sizedbody6threada307-acarriagebolthdg/490094,,,,,
https://www.rcfastener.com/58-11x20under-sizedbody6threada307-acarriagebolthdg/490095,,,,,
https://www.rcfastener.com/34-10x12under-sizedbody6threada307-acarriagebolthdg/490103,,,,,
https://www.rcfastener.com/34-10x14under-sizedbody6threada307-acarriagebolthdg/490104,,,,,
https://www.rcfastener.com/34-10x16under-sizedbody6threada307-acarriagebolthdg/490105,,,,,
https://www.rcfastener.com/34-10x18under-sizedbody6threada307-acarriagebolthdg/490106,,,,,
https://www.rcfastener.com/34-10x20under-sizedbody6threada307-acarriagebolthdg/490107,,,,,
https://www.rcfastener.com/58-11x126threadtimberbolta307gradeahdg/483111,,,,,
https://www.rcfastener.com/58-11x146threadtimberbolta307gradeahdg/483116,,,,,
https://www.rcfastener.com/58-11x166threadtimberbolta307gradeahdg/483121,,,,,
https://www.rcfastener.com/58-11x186threadtimberbolta307gradeahdg/483126,,,,,
https://www.rcfastener.com/58-11x206threadtimberbolta307gradeahdg/483131,,,,,
https://www.rcfastener.com/34-10x166threadtimberbolta307gradeahdg/483161,,,,,
https://www.rcfastener.com/34-10x186threadtimberbolta307gradeahdg/483166,,,,,
https://www.rcfastener.com/34-10x206threadtimberbolta307gradeahdg/483171,,,,,
https://www.rcfastener.com/hex-bolt-a307-grade-a-hdg-low-carbon-inch-m-425.html,,,,,
https://www.rcfastener.com/hex-bolt-a307-grade-a-hdg-low-carbon-inch-m-425.html#1,,,,,
https://www.rcfastener.com/uss-flat-washer-hdg-low-carbon-inch-m-630.html#1,,,,,
https://www.rcfastener.com/finished-hex-nut-hot-dip-galvanized-inch-m-355.html#1,,,,,
https://www.rcfastener.com/34ogeewasherclass30greyironhdg/254087,,,,,
https://www.rcfastener.com/58ogeewasherclass30greyironhdg/254082,,,,,
https://www.rcfastener.com/1ogeewasherclass30greyironhdg/254097,,,,,
https://www.bh-usa.com/product/yellow-weighted-boat-lift-sling/,,,,,
"Boat Sling- 8"" wide, custom lengths available, 1/4"" aluminum end plates, military grade webbing",,,,,
https://www.albanycountyfasteners.com/Coupling-Nuts-Hot-Dipped-Galvanized-p/1070-080.htm,,,,,
https://www.fastenal.com/product/details/38240,,,,,
https://www.rcfastener.com/hex-lag-screws-hot-dip-galvanized-low-carbon-inch-m-418.html#1,,,,,
https://www.rcfastener.com/hex-bolts-a307-grade-a-plain-low-carbon-inch-m-423.html#1,,,,,